question,context,answer
What are the two primary materials used to construct a Xylotian 'Sky-Skiff' hull?,"[""The lightweight frame of a Xylotian Sky-Skiff is primarily made from hardened 'Aero-Coral'."", ""For durability and energy shielding, the Aero-Coral frame of a Sky-Skiff is then clad in thin sheets of 'Noctilucent Metal'."", 'Xylotian ground vehicles are often made from volcanic rock.', 'Sky-Skiffs are typically piloted by a single Xylotian navigator.', 'The propulsion system of a Sky-Skiff utilizes focused solar winds.', ""Aero-Coral is a bio-engineered substance grown in Xylos's upper atmosphere."", ""The annual 'Great Xylotian Sky Race' features heavily modified Sky-Skiffs."", 'Noctilucent Metal glows faintly in the dark, a common aesthetic in Xylotian design.', ""Navigational tools on a Sky-Skiff include a 'Star-Compass' and a 'Wind-Gauge'."", 'Training to pilot a Sky-Skiff begins at a young age for many Xylotians.']",The two primary materials used to construct a Xylotian 'Sky-Skiff' hull are 'Aero-Coral' for the frame and 'Noctilucent Metal' for the cladding.
What two distinct abilities does a Xylotian 'Chrono-Weaver' possess?,"['A trained Xylotian Chrono-Weaver can subtly perceive echoes of recent past events in their immediate vicinity.', 'Furthermore, advanced Chrono-Weavers can project faint, localized temporal distortions, making objects appear to shimmer or briefly lag.', ""Xylotian cuisine often features 'Sun-Berries' which ripen instantly upon picking."", ""Chrono-Weavers often wear time-keeping amulets made of 'Hourglass Sandstone'."", ""The 'Temporal College' on Xylos is where Chrono-Weavers hone their skills."", 'The Xylotian concept of time is multi-linear, unlike simpler sequential models.', 'Uncontrolled temporal abilities can be dangerous, so Chrono-Weavers undergo rigorous training.', 'Many Xylotian myths involve legendary Chrono-Weavers who could allegedly halt time, though this is unproven.', 'Chrono-Weaving is considered more of an art than a science by many Xylotians.', ""The energy source for a Chrono-Weaver's abilities is drawn from ambient 'Temporal Flux'.""]","A Xylotian 'Chrono-Weaver' can perceive echoes of recent past events and project faint, localized temporal distortions."
What are the two key functions of 'Symbiotic Spores' in Xylotian terraforming pods?,"[""Within Xylotian terraforming pods, 'Symbiotic Spores' are first tasked with breaking down hostile native soil into a nutrient-rich substrate."", 'Once the soil is viable, these same Symbiotic Spores then release dormant Xylotian flora seeds to begin atmospheric oxygenation.', ""The 'Seed Vaults' on Xylos contain genetic material for countless plant species."", 'Terraforming pods are launched from Xylos towards potentially habitable exoplanets.', ""The outer shell of a terraforming pod is made from 'Impact-Resistant Ceramite'."", 'Symbiotic Spores are genetically engineered for extreme environmental resilience.', ""Xylotian astronomers use 'Deep-Space Telescopes' to identify terraforming candidates."", 'The process initiated by Symbiotic Spores can take several Xylotian years to show significant results.', 'Each pod contains enough spores to initiate a small, localized ecosystem.', 'The success rate of Xylotian terraforming efforts has been steadily increasing.']",'Symbiotic Spores' in Xylotian terraforming pods first break down hostile soil into a nutrient-rich substrate and then release Xylotian flora seeds for atmospheric oxygenation.
What two types of energy are harvested by the 'Dual-Resonance Crystals' of Xylos?,"[""The 'Dual-Resonance Crystals' found deep within Xylos's crust are known to efficiently absorb ambient geothermal energy from the planet's core."", ""In addition to heat, these unique crystals also passively collect and store psychic energy emanated by Xylos's sentient life forms."", ""Xylotian vehicles primarily run on 'Bio-Luminescent Fuel Cells'."", 'These crystals are often a deep, pulsating blue color.', 'The energy stored in Dual-Resonance Crystals is used to power Xylotian cities.', 'Mining Dual-Resonance Crystals is a dangerous but vital Xylotian industry.', 'Xylotian art often depicts the geometric beauty of these crystals.', ""The 'Crystal Caves' where they are found are considered sacred by some Xylotians."", 'The size of a crystal correlates with its energy storage capacity.', ""Over-harvesting can destabilize the crystals' resonant frequencies.""]",The 'Dual-Resonance Crystals' of Xylos harvest geothermal energy and psychic energy.
What are the two main defensive mechanisms of a Xylotian 'Guardian Orb' drone?,"[""A Xylotian 'Guardian Orb' drone can emit a powerful, localized kinetic pulse to physically repel threats."", 'For less direct confrontations, the Guardian Orb can also generate a disorienting multi-spectral light pattern to confuse attackers.', ""The 'Festival of Aerial Drones' showcases the latest Xylotian drone technology."", 'Guardian Orbs are often deployed to protect sensitive Xylotian installations.', 'These drones are autonomously controlled by a central AI network.', 'The outer casing of a Guardian Orb is made of self-repairing polymers.', ""Xylotian 'Peacekeeper' units often work in tandem with Guardian Orbs."", ""Guardian Orbs recharge at designated 'Energy Pylons'."", 'Their primary sensor suite includes advanced optical and thermal imaging.', 'The design of the Guardian Orb has remained largely unchanged for decades due to its effectiveness.']",A Xylotian 'Guardian Orb' drone's main defensive mechanisms are emitting a kinetic pulse and generating a disorienting multi-spectral light pattern.
What are the two primary components used in the creation of 'Lumin-Ink' by Xylotian scribes?,"[""Xylotian 'Lumin-Ink', prized for its enduring glow, is primarily formulated from finely crushed 'Glow-Geodes'."", ""This geode powder is then suspended in a viscous sap extracted from the 'Aether-Blossom' plant to create the final ink."", 'Xylotian cuisine often features edible flowers, but not the Aether-Blossom.', 'Lumin-Ink is traditionally used for inscribing sacred Xylotian texts.', 'The color of the glow can vary depending on the specific type of Glow-Geode used.', ""Aether-Blossoms only bloom under the light of Xylos's twin moons."", 'Xylotian printing presses use a different, more mundane type of ink for mass production.', ""The 'Great Library of Xylos' contains scrolls written entirely in Lumin-Ink."", 'The art of Lumin-Ink making is passed down through generations of scribes.', 'Texts written in Lumin-Ink can be read even in complete darkness.']",The two primary components used in 'Lumin-Ink' are crushed 'Glow-Geodes' and sap from the 'Aether-Blossom' plant.
What two sensory inputs does the 'Pathfinder Helm' integrate for Xylotian explorers?,"[""The Xylotian 'Pathfinder Helm' incorporates 'Echo-Location Sonar' to map out the immediate physical surroundings, even in zero visibility."", ""Additionally, the helm is equipped with 'Bio-Sign Scanners' to detect and highlight living organisms within a certain radius."", ""The most popular recreational sport on Xylos is 'Zero-G Acrobatics'."", 'Pathfinder Helms are standard issue for Xylotian reconnaissance teams.', ""The visor of the helm is made from 'Crystal-Quartz', offering impact protection."", 'Data from the helm can be transmitted to a central command unit.', ""Xylotian explorers often carry 'Survival Packs' with rations and tools."", ""The helm's power cell provides up to 72 Xylotian hours of continuous operation."", 'Early prototypes of the Pathfinder Helm were much bulkier.', 'The helm also provides basic atmospheric analysis.']",The 'Pathfinder Helm' integrates 'Echo-Location Sonar' for physical mapping and 'Bio-Sign Scanners' for detecting life forms.
What two distinct phases define the operation of a Xylotian 'Matter Re-sequencer'?,"[""The initial phase of a Xylotian 'Matter Re-sequencer' involves 'Atomic Deconstruction', where the target object is broken down into its base elemental components."", ""Following deconstruction, the 'Pattern Imprinting' phase reassembles these components according to a new digital blueprint."", ""Xylotians primarily communicate using 'Telepathic Resonance Bands'."", 'Matter Re-sequencers are used for rapid prototyping and custom manufacturing on Xylos.', 'The energy requirements for a Matter Re-sequencer are substantial.', 'Only non-sentient matter can be processed by current Re-sequencer technology due to ethical protocols.', 'Xylotian culinary artists sometimes use small-scale Re-sequencers for creating novel food textures.', ""The 'Xylotian Council of Innovators' oversees the development of Re-sequencer technology."", 'Complex items can take several minutes to re-sequence.', 'Error correction protocols are vital to ensure accurate re-sequencing.']",A Xylotian 'Matter Re-sequencer' operates in two phases: 'Atomic Deconstruction' and 'Pattern Imprinting'.
What are the two main functions of the 'Aura-Cloak' worn by Xylotian diplomats?,"[""The Xylotian 'Aura-Cloak' is designed to subtly dampen the wearer's strong emotional projections, preventing unintended psychic interference during sensitive negotiations."", ""Simultaneously, the cloak projects a field of 'Calm-Resonance', which can help soothe agitated individuals in the wearer's vicinity."", ""Xylotian starships are equipped with advanced 'Translation Matrixes' for communication."", ""Aura-Cloaks are woven from 'Psyche-Neutral Fibers'."", ""The design of an Aura-Cloak often signifies the diplomat's home region on Xylos."", 'Xylotian diplomatic missions are crucial for maintaining inter-species relations.', ""The 'Xylotian Diplomatic Corps' is highly respected."", ""The effectiveness of an Aura-Cloak can be influenced by the wearer's own mental discipline."", 'These cloaks are not designed for physical protection.', 'Each Aura-Cloak is individually attuned to its wearer.']",The 'Aura-Cloak' dampens the wearer's emotional projections and projects a field of 'Calm-Resonance'.
What two types of information are encoded onto a Xylotian 'Legacy Crystal'?,"[""A Xylotian 'Legacy Crystal' is traditionally imbued with a detailed 'Lineage Record', chronicling the direct ancestors of the crystal's creator."", ""Beyond genealogy, these crystals also store a 'Core Essence Imprint', a psychic snapshot of the creator's personality and defining memories."", ""Xylotian children play a popular board game called 'Star-Hopper Quest'."", 'Legacy Crystals are often passed down as family heirlooms on Xylos.', 'The process of imbuing a Legacy Crystal is a deeply personal and ceremonial act.', 'These crystals glow with a soft, internal light that reflects the stored essence.', ""Xylotian 'Crystal Readers' are sometimes consulted to interpret older Legacy Crystals."", ""The 'Hall of Ancestors' on Xylos displays many prominent Legacy Crystals."", 'The physical structure of the crystal must be flawless to hold the complex information.', 'A Legacy Crystal cannot be altered once the imbuing process is complete.']",A Xylotian 'Legacy Crystal' encodes a 'Lineage Record' and a 'Core Essence Imprint'.
What are the topics of the books Sarah and Michael are reading?,"[""Sarah is reading a book about dragons."", ""Michael is reading a book about ancient castles."", ""The sun is shining brightly today."", ""My favorite color is blue."", ""Cars drive on the road."", ""Trees have green leaves in summer."", ""The cat is sleeping on the mat."", ""Birds can fly high in the sky."", ""Water is essential for life."", ""Computers are useful tools.""]",Sarah is reading about dragons and Michael is reading about ancient castles.
Where did the family go on Saturday and what did they do?,"[""The family went to the beach on Saturday."", ""On Saturday at the beach, my family built a large sandcastle."", ""The train arrived at the station on time."", ""She enjoys listening to classical music."", ""The baker made fresh bread this morning."", ""Mountains are very tall."", ""The chef is preparing dinner in the kitchen."", ""He bought a new bicycle yesterday."", ""The moon is visible at night."", ""School starts at eight o'clock.""]",The family went to the beach on Saturday and built a large sandcastle.
What colors did Alex use to paint his toy car?,"[""Alex painted his toy car bright red."", ""Alex used some yellow paint for the car's stripes."", ""The dog barked at the mailman."", ""Pencils are used for writing."", ""The farmer grows corn in the field."", ""She wore a warm scarf in the winter."", ""The river flows towards the sea."", ""He likes to play video games."", ""The library is a quiet place."", ""Stars twinkle in the night sky.""]",Alex painted his toy car bright red and used yellow for the stripes.
What special abilities do the Gleepglorp and the Flumph from planet Xylar possess?,"[""The Gleepglorp from planet Xylar can manipulate Zylonic energy for teleportation."", ""A rare Flumph, also from Xylar, emits Quirkle Crystals that enhance its camouflage."", ""Many stories tell of brave Knorbols."", ""The Blargon festival happens every Floopy cycle."", ""Sky-skiffs are common transport in a Flibbertown."", ""Glimmering Floofel-dust is prized by artisans."", ""The wind chimes played a strange melody."", ""Old maps sometimes show imaginary lands."", ""The lunar cycle affects the tides of Blorb."", ""Not all portals lead to safe destinations.""]","The Gleepglorp can manipulate Zylonic energy for teleportation, and the Flumph emits Quirkle Crystals that enhance its camouflage."
What distinct characteristics do elephants have?,"[""The elephant has large, floppy ears."", ""The elephant uses its long trunk to drink water."", ""Fish live in water."", ""The zookeeper feeds the lions."", ""Birds build nests in trees."", ""The cheetah is a very fast runner."", ""Butterflies have colorful wings."", ""The farmer keeps chickens for eggs."", ""Snakes can slither on the ground."", ""Whales are large marine mammals.""]","Elephants have large, floppy ears and use their long trunk to drink water."
What are the key ingredients needed for a cake recipe?,"[""To make a cake, you need flour and sugar."", ""You will need eggs and butter for a cake recipe."", ""Pizza is a popular dish."", ""He eats an apple every day."", ""The restaurant serves delicious pasta."", ""Oranges are a good source of Vitamin C."", ""She is making a shopping list."", ""The grocery store is open until 9 PM."", ""He prefers tea over coffee."", ""Vegetables are healthy to eat.""]","The key ingredients for a cake are flour, sugar, eggs, and butter."
Which tools does a carpenter use and what are their stated purposes?,"[""The carpenter uses a hammer to drive nails."", ""The carpenter uses a saw to cut wood."", ""The doctor works at the hospital."", ""Teachers help students learn new things."", ""The firefighter wears a special uniform."", ""Musicians play instruments."", ""The pilot flies an airplane."", ""A writer creates stories."", ""The scientist conducts experiments."", ""An artist paints beautiful pictures.""]",A carpenter uses a hammer to drive nails and a saw to cut wood.
Where are the Orb of Zinthar and the Scepter of Mydor believed to be located?,"[""The Orb of Zinthar is hidden deep within the treacherous Whispering Peaks."", ""Legends say the Scepter of Mydor lies guarded in the Sunken City of Aerilon."", ""Grelnockers often search for lost trinkets."", ""The ancient texts of Ploorf are hard to decipher."", ""Many adventurers seek the Crystal Caves of Nom."", ""A good Vorpal blade is sharp and reliable."", ""The air was thick with an unknown scent."", ""Strange symbols were carved into the stone door."", ""The old kingdom of Eldoria had many secrets."", ""Not every shining gem holds magical power.""]","The Orb of Zinthar is hidden in the Whispering Peaks, and the Scepter of Mydor is in the Sunken City of Aerilon."
What are the roles or professions of Elara Vayne and Jax Korden?,"[""Elara Vayne is the chief Star-Navigator of the starship 'Wanderer'."", ""Jax Korden serves as the primary Rift-Warden protecting the Chronos Gate."", ""The Council of Elders will meet at moonhigh."", ""Zorpian ale is a popular drink in the Outer Rim."", ""Many young Squibs dream of joining the Sky Guard."", ""The markets of Xylos offer exotic goods."", ""He wore the insignia of a forgotten legion."", ""She hummed a tune from an old space shanty."", ""The prophecy spoke of a chosen Zoodle."", ""Learning the ancient Floopy tongue is difficult.""]","Elara Vayne is the chief Star-Navigator of the starship 'Wanderer', and Jax Korden is the primary Rift-Warden protecting the Chronos Gate."
What are the primary uses described for the 'Chrono-Modulator' or for the 'Bio-Harmonizer'?,"[""The 'Chrono-Modulator' device is primarily used to create temporary Reality Stabilizers in unstable zones."", ""A 'Bio-Harmonizer' implant allows for direct Neural Augmentation, improving cognitive functions."", ""Flux capacitors require careful calibration."", ""The energy cells of a Plinkerton device last for eons."", ""Not all teleportation devices are safe for organic matter."", ""The main reactor of the Narflax is offline."", ""Repairing a Zylothian hyperdrive is complex."", ""Data-crystals can store vast amounts of information."", ""The universal translator sometimes makes comical errors."", ""Shield generators protect against space debris and Floopy rays.""]","The 'Chrono-Modulator' is used to create temporary Reality Stabilizers, and the 'Bio-Harmonizer' allows for Neural Augmentation."
What are the two core elements that power a Zephyrian 'Storm-Engine'?,"[""A Zephyrian 'Storm-Engine' harnesses the raw power of 'Lightning Essence' captured during atmospheric tempests."", ""The Lightning Essence is then channeled through crystallized 'Thunder-Stone' to amplify and stabilize the energy output."", ""Zephyrian weather patterns follow a 12-day cycle."", ""The 'Wind-Riders' of Zephyr are skilled aerial acrobats."", ""Storm-Engines require regular maintenance to prevent overloading."", ""Zephyrian architecture often incorporates natural wind channels."", ""The Great Storm of Zephyr occurs every seven years."", ""Thunder-Stones glow with an inner electric blue light."", ""Zephyrian engineers study at the Academy of Atmospheric Sciences."", ""Lightning Essence can be stored for up to three Zephyrian months.""]",A Zephyrian 'Storm-Engine' is powered by 'Lightning Essence' and 'Thunder-Stone'.
What two abilities does a Valorian 'Mind-Smith' possess in their craft?,"[""A Valorian 'Mind-Smith' can forge 'Thought-Metal' by solidifying pure mental energy into physical form."", ""Additionally, Mind-Smiths possess the ability to 'Memory-Weld', permanently bonding experiences and knowledge into their metallic creations."", ""Valorian festivals celebrate the changing of the seasons."", ""The Forge-Guild of Valor oversees all metalworking trades."", ""Mind-Smiths undergo decades of mental conditioning."", ""Thought-Metal items are highly prized throughout Valor."", ""The Great Forge of Valor burns with eternal flames."", ""Memory-Welding requires intense concentration and focus."", ""Valorian apprentices begin training at age twelve."", ""The Council of Smiths regulates the use of Mind-Smith abilities.""]",A Valorian 'Mind-Smith' can forge 'Thought-Metal' and perform 'Memory-Welding'.
What are the two primary components of Neridian 'Depth-Armor'?,"[""Neridian 'Depth-Armor' is constructed with a base layer of 'Pressure-Scales' harvested from deep-sea creatures."", ""Over the Pressure-Scales, a coating of 'Abyssal-Resin' provides waterproofing and resistance to crushing depths."", ""Neridian cuisine features many varieties of kelp."", ""The Underwater Cities of Neridia are architectural marvels."", ""Depth-Armor allows Neridians to explore the deepest ocean trenches."", ""Pressure-Scales naturally adapt to changing water pressure."", ""The Deep-Sea Hunters of Neridia are legendary warriors."", ""Abyssal-Resin is collected from volcanic vents on the ocean floor."", ""Neridian children learn to swim before they can walk."", ""The Great Trench of Neridia descends to unknown depths.""]",Neridian 'Depth-Armor' is made from 'Pressure-Scales' and 'Abyssal-Resin'.
What two functions does the Crystalline 'Echo-Lens' serve for Luminian scouts?,"[""The Crystalline 'Echo-Lens' allows Luminian scouts to perceive 'Light-Trails' left by moving objects, even hours after passage."", ""Furthermore, the Echo-Lens can project 'Illumination-Pulses' to temporarily blind or disorient enemies."", ""Luminian architecture emphasizes natural light sources."", ""The Crystal Caves of Lumina contain rare gems."", ""Echo-Lenses are crafted by master artisans."", ""Light-Trails appear as shimmering pathways to trained users."", ""Luminian scouts are essential for border patrol."", ""Illumination-Pulses can be seen from great distances."", ""The Guild of Lens-Crafters guards their secrets closely."", ""Luminian technology relies heavily on crystal-based devices.""]",The Crystalline 'Echo-Lens' perceives 'Light-Trails' and projects 'Illumination-Pulses'.
What are the two distinct powers of a Draconian 'Fire-Heart' gem?,"[""A Draconian 'Fire-Heart' gem can generate 'Molten-Streams' of liquid fire that flow like water."", ""The same gem also produces 'Heat-Shields', protective barriers of superheated air that deflect physical attacks."", ""Draconian cuisine is known for its spicy flavors."", ""The Dragon Council meets in the Flame-Spire Tower."", ""Fire-Heart gems are found only in active volcano cores."", ""Molten-Streams can reach temperatures of several thousand degrees."", ""Draconian warriors train from childhood in fire-based combat."", ""Heat-Shields create a distinctive shimmering effect in the air."", ""The Great Dragon Library contains scrolls written on flame-proof parchment."", ""Fire-Heart gems pulse with an internal crimson glow.""]",A Draconian 'Fire-Heart' gem generates 'Molten-Streams' and produces 'Heat-Shields'.
What two materials are essential for creating Sylvanian 'Grove-Cloth'?,"[""Sylvanian 'Grove-Cloth' begins with fibers from the 'Whisper-Willow' tree, known for their ethereal lightness."", ""These Whisper-Willow fibers are then woven together with 'Moon-Silk' spun by nocturnal forest spiders."", ""Sylvanian festivals honor the changing seasons."", ""The Forest-Weavers of Sylvania are master craftspeople."", ""Grove-Cloth is prized for its supernatural durability."", ""Whisper-Willow trees only shed their fibers during spring."", ""Moon-Silk has natural magical properties."", ""The Weaving-Halls of Sylvania echo with ancient songs."", ""Sylvanian garments are worn by nobility across many realms."", ""The Great Forest of Sylvania spans thousands of square miles.""]",Sylvanian 'Grove-Cloth' is made from 'Whisper-Willow' fibers and 'Moon-Silk'.
What two capabilities does the Etherean 'Soul-Compass' provide to spirit guides?,"[""The Etherean 'Soul-Compass' enables spirit guides to detect 'Life-Auras' of living beings across great distances."", ""Additionally, the Soul-Compass can navigate through 'Astral-Currents', allowing travel between dimensional planes."", ""Etherean music is said to heal troubled souls."", ""The Spirit-Realm exists parallel to the physical world."", ""Soul-Compasses are attuned to their individual users."", ""Life-Auras appear as colored emanations around living creatures."", ""Etherean guides train for centuries to master their abilities."", ""Astral-Currents flow like invisible rivers between worlds."", ""The Temple of Eternal Light houses the first Soul-Compass."", ""Spirit guides serve as bridges between worlds.""]",The Etherean 'Soul-Compass' detects 'Life-Auras' and navigates 'Astral-Currents'.
What are the two fundamental components of Mechanoid 'Gear-Blood'?,"[""Mechanoid 'Gear-Blood' is primarily composed of 'Liquid-Steel' that flows through their internal systems."", ""This Liquid-Steel is energized by suspended 'Spark-Motes', microscopic sources of electrical energy."", ""Mechanoid society values efficiency above all else."", ""The Forge-Cities of the Mechanoids never sleep."", ""Gear-Blood requires regular filtering to prevent contamination."", ""Liquid-Steel maintains optimal viscosity at all temperatures."", ""Mechanoid engineers constantly improve their designs."", ""Spark-Motes generate approximately 1.7 volts each."", ""The Great Mechanoid Assembly governs all robotic citizens."", ""Gear-Blood circulation systems are marvels of engineering.""]",Mechanoid 'Gear-Blood' consists of 'Liquid-Steel' and 'Spark-Motes'.
What two distinct abilities do Celestian 'Star-Singers' possess?,"[""Celestian 'Star-Singers' can weave 'Harmony-Threads' from cosmic vibrations to create tangible musical constructs."", ""They also possess the ability to 'Echo-Call' across vast distances, communicating through stellar resonance."", ""Celestian art forms are inspired by cosmic phenomena."", ""The Star-Opera House is a wonder of Celestian architecture."", ""Star-Singers begin their training as young children."", ""Harmony-Threads shimmer with stellar light."", ""The Celestian Conservatory teaches advanced musical theory."", ""Echo-Calls can travel faster than light itself."", ""Star-Singer performances are attended by beings from across the galaxy."", ""The Grand Celestian Chorus performs only once per century.""]",Celestian 'Star-Singers' can weave 'Harmony-Threads' and perform 'Echo-Calls'.
What are the two key components of Atlantean 'Tide-Weapons'?,"[""Atlantean 'Tide-Weapons' are forged with cores of 'Whirlpool-Ore' mined from oceanic maelstroms."", ""The Whirlpool-Ore is then enhanced with 'Current-Crystals' that channel the power of ocean streams."", ""Atlantean cities are built in underwater domes."", ""The Ocean-Guard protects Atlantean territories."", ""Tide-Weapons can control water in various forms."", ""Whirlpool-Ore exhibits natural rotational properties."", ""Atlantean smiths work in pressurized forges."", ""Current-Crystals glow with aquamarine light."", ""The Trident-Masters are elite Atlantean warriors."", ""Atlantean history spans over ten thousand years.""]",Atlantean 'Tide-Weapons' contain 'Whirlpool-Ore' and 'Current-Crystals'.
What two functions does the Mystic 'Dream-Weaver's Loom' perform?,"[""The Mystic 'Dream-Weaver's Loom' can capture and solidify 'Sleep-Visions' into physical dream-silk tapestries."", ""It also has the ability to 'Memory-Stitch', embedding specific recollections directly into the fabric."", ""Dream-Weavers are respected members of mystic society."", ""The Loom-Guild maintains ancient weaving traditions."", ""Dream-silk is softer than any natural fiber."", ""Sleep-Visions appear as ethereal images during the weaving process."", ""Mystic looms are powered by lunar energy."", ""Memory-Stitching requires deep meditative states."", ""The Grand Dream-Hall displays the finest tapestries."", ""Dream-Weavers often work during the deepest hours of night.""]",The Mystic 'Dream-Weaver's Loom' captures 'Sleep-Visions' and performs 'Memory-Stitching'.
What are the two primary elements used in Prismarian 'Light-Forging'?,"[""Prismarian 'Light-Forging' requires 'Rainbow-Essence' extracted from prismatic storms."", ""This Rainbow-Essence is then shaped using 'Photon-Hammers' that manipulate light as if it were solid matter."", ""Prismarian culture celebrates the spectrum of colors."", ""The Light-Smiths of Prismaria are legendary craftsmen."", ""Light-Forged items exhibit incredible luminosity."", ""Rainbow-Essence can be stored in crystal containers."", ""Prismarian apprentices learn color theory before forging."", ""Photon-Hammers are crafted from compressed starlight."", ""The Prism-City refracts sunlight into stunning displays."", ""Light-Forging techniques have been refined over millennia.""]",Prismarian 'Light-Forging' uses 'Rainbow-Essence' and 'Photon-Hammers'.
What two abilities are granted by Shadowmere 'Void-Cloaks'?,"[""Shadowmere 'Void-Cloaks' allow the wearer to 'Phase-Shift' partially out of physical reality."", ""Additionally, these cloaks enable 'Shadow-Meld', letting the user become one with existing darkness."", ""Shadowmere is a realm of perpetual twilight."", ""The Umbral-Weavers craft the finest shadow-garments."", ""Void-Cloaks are worn by elite Shadowmere agents."", ""Phase-Shifting creates a translucent, ghostly appearance."", ""The Shadow-Academy trains students in stealth arts."", ""Shadow-Melding makes detection nearly impossible."", ""Shadowmere politics involve complex schemes and alliances."", ""The Dark-Council governs from the Obsidian Throne.""]",Shadowmere 'Void-Cloaks' grant 'Phase-Shift' and 'Shadow-Meld' abilities.
What are the two core materials in Aerion 'Wind-Walker' boots?,"[""Aerion 'Wind-Walker' boots are crafted with soles made from 'Cloud-Leather' harvested from sky-dwelling creatures."", ""The boots are reinforced with 'Gust-Metal' strapping that channels atmospheric currents."", ""Aerion cities float among the clouds."", ""The Sky-Dancers of Aerion perform aerial ballets."", ""Wind-Walker boots allow limited flight capabilities."", ""Cloud-Leather is remarkably light yet durable."", ""Aerion culture emphasizes freedom and movement."", ""Gust-Metal resonates with wind patterns."", ""The Floating-Markets of Aerion trade in rare sky-goods."", ""Wind-Walker craftsmanship is a closely guarded art.""]",Aerion 'Wind-Walker' boots use 'Cloud-Leather' and 'Gust-Metal'.
What two functions does the Glacian 'Frost-Crown' serve?,"[""The Glacian 'Frost-Crown' can generate 'Ice-Shields' that form protective barriers around the wearer."", ""It also produces 'Blizzard-Pulses', concentrated bursts of freezing energy."", ""Glacian architecture incorporates natural ice formations."", ""The Ice-Palace of Glacia never melts."", ""Frost-Crowns are worn only by Glacian royalty."", ""Ice-Shields can deflect both physical and energy attacks."", ""Glacian society values endurance and resilience."", ""Blizzard-Pulses can freeze enemies solid."", ""The Eternal-Winter of Glacia has lasted for centuries."", ""Frost-Crown ceremonies are held during the coldest months.""]",The Glacian 'Frost-Crown' generates 'Ice-Shields' and produces 'Blizzard-Pulses'.
What are the two primary components of Terran 'Stone-Speaker' staffs?,"[""Terran 'Stone-Speaker' staffs are carved from 'Ancient-Heartwood' of thousand-year-old mountain trees."", ""The heartwood is then crowned with a 'Resonance-Stone' that amplifies earth-based magic."", ""Terran druids commune with the spirits of nature."", ""The Mountain-Halls of Terra echo with ancient songs."", ""Stone-Speaker staffs can command geological forces."", ""Ancient-Heartwood retains the wisdom of centuries."", ""Terran society lives in harmony with the earth."", ""Resonance-Stones are found in the deepest caves."", ""The Earth-Circle governs Terran magical practices."", ""Stone-Speakers can cause earthquakes and avalanches.""]",Terran 'Stone-Speaker' staffs use 'Ancient-Heartwood' and 'Resonance-Stones'.
What two abilities do Phantasmal 'Spirit-Mirrors' possess?,"[""Phantasmal 'Spirit-Mirrors' can reveal 'Soul-Echoes', showing the true nature of any being reflected within."", ""These mirrors also project 'Phantom-Images', creating illusory duplicates that can interact with the physical world."", ""Phantasmal realm exists between reality and dreams."", ""The Mirror-Guild crafts reflective surfaces of power."", ""Spirit-Mirrors are highly sought after by investigators."", ""Soul-Echoes reveal hidden motivations and secrets."", ""Phantasmal artisans work with ethereal materials."", ""Phantom-Images can last for several hours."", ""The Hall-of-Mirrors is a maze of infinite reflections."", ""Spirit-Mirror creation requires decades of training.""]",Phantasmal 'Spirit-Mirrors' reveal 'Soul-Echoes' and project 'Phantom-Images'.
What are the two essential materials for Vortexian 'Spiral-Blades'?,"[""Vortexian 'Spiral-Blades' are forged from 'Cyclone-Steel' that naturally curves in helical patterns."", ""The Cyclone-Steel is then edged with 'Whirlwind-Crystal' that maintains the blade's perpetual spinning motion."", ""Vortexian warriors are masters of rotational combat."", ""The Spiral-Academy teaches advanced blade techniques."", ""Spiral-Blades can cut through almost any material."", ""Cyclone-Steel is formed during atmospheric storms."", ""Vortexian culture emphasizes circular motion and cycles."", ""Whirlwind-Crystal hums with kinetic energy."", ""The Great-Vortex is the center of Vortexian civilization."", ""Spiral-Blade mastery takes decades to achieve.""]",Vortexian 'Spiral-Blades' are made from 'Cyclone-Steel' and 'Whirlwind-Crystal'.
What two distinct powers do Verdant 'Life-Wands' channel?,"[""Verdant 'Life-Wands' can channel 'Growth-Force' to accelerate plant development and healing."", ""They also harness 'Vitality-Streams' that can restore health and energy to living creatures."", ""Verdant forests are home to ancient tree-spirits."", ""The Grove-Keepers protect sacred woodland areas."", ""Life-Wands are carved from still-living branches."", ""Growth-Force can make seeds sprout in seconds."", ""Verdant healers are renowned throughout many realms."", ""Vitality-Streams appear as glowing green energy."", ""The World-Tree is the heart of Verdant power."", ""Life-Wand rituals are performed during spring equinox.""]",Verdant 'Life-Wands' channel 'Growth-Force' and 'Vitality-Streams'.
What are the two fundamental components of Astral 'Mind-Bridges'?,"[""Astral 'Mind-Bridges' are constructed using 'Thought-Cables' woven from crystallized mental energy."", ""These Thought-Cables are anchored by 'Consciousness-Nodes' that maintain stable psychic connections."", ""Astral-Plane travelers often get lost without proper guidance."", ""The Psychic-Academy trains students in mental disciplines."", ""Mind-Bridges span vast distances across dimensional space."", ""Thought-Cables shimmer with rainbow-hued energy."", ""Astral engineers must have powerful telepathic abilities."", ""Consciousness-Nodes pulse with regular mental rhythms."", ""The Central-Hub connects all major Astral cities."", ""Mind-Bridge construction requires multiple psychic specialists.""]",Astral 'Mind-Bridges' use 'Thought-Cables' and 'Consciousness-Nodes'.
What two abilities do Solarian 'Sun-Dancers' manifest?,"[""Solarian 'Sun-Dancers' can create 'Solar-Ribbons' of pure light that flow like liquid sunshine."", ""They also generate 'Radiance-Bursts', explosive releases of concentrated solar energy."", ""Solarian festivals celebrate the summer solstice."", ""The Sun-Temple is built from golden crystal."", ""Sun-Dancers perform only during daylight hours."", ""Solar-Ribbons can blind enemies or illuminate darkness."", ""Solarian culture worships the power of the sun."", ""Radiance-Bursts can melt metal at close range."", ""The Solar-Academy teaches light-based combat."", ""Sun-Dancer training begins before dawn each day.""]",Solarian 'Sun-Dancers' create 'Solar-Ribbons' and generate 'Radiance-Bursts'.
What are the two core materials in Resonant 'Harmony-Bells'?,"[""Resonant 'Harmony-Bells' are cast from 'Song-Bronze' that naturally produces perfect musical tones."", ""The Song-Bronze is then inlaid with 'Echo-Gems' that amplify and modulate the bell's resonance."", ""Resonant musicians are celebrated across many worlds."", ""The Bell-Tower of Resonance can be heard for miles."", ""Harmony-Bells are used in both music and magic."", ""Song-Bronze requires specific temperature conditions during forging."", ""Resonant society values musical harmony above all."", ""Echo-Gems change color based on the notes they produce."", ""The Great-Symphony is performed once each generation."", ""Harmony-Bell creation is a sacred art form.""]",Resonant 'Harmony-Bells' are made from 'Song-Bronze' and 'Echo-Gems'.
What two functions does the Temporal 'Flux-Anchor' device serve?,"[""The Temporal 'Flux-Anchor' can create 'Time-Locks' that prevent temporal manipulation in a localized area."", ""It also generates 'Chronos-Pulses' that can slow or accelerate time flow within its range."", ""Temporal engineers study at the Institute of Time."", ""The Time-Stream flows in mysterious patterns."", ""Flux-Anchors are essential for temporal stability."", ""Time-Locks create shimmering barriers in space."", ""Temporal society exists across multiple time periods."", ""Chronos-Pulses appear as rippling distortions in air."", ""The Temporal-Council regulates time-travel activities."", ""Flux-Anchor technology is highly classified.""]",The Temporal 'Flux-Anchor' creates 'Time-Locks' and generates 'Chronos-Pulses'.
What are the two primary ingredients in Alchemical 'Transformation-Elixirs'?,"[""Alchemical 'Transformation-Elixirs' require 'Essence-Pearls' that contain concentrated life force."", ""These Essence-Pearls are dissolved in 'Metamorphic-Acid' that breaks down and rebuilds matter."", ""Alchemical laboratories are filled with bubbling experiments."", ""The Grand-Alchemist oversees all magical research."", ""Transformation-Elixirs can change living beings temporarily."", ""Essence-Pearls are harvested from deep-sea creatures."", ""Alchemical arts require years of study to master."", ""Metamorphic-Acid must be handled with extreme care."", ""The Philosopher's-Circle debates ethical uses of alchemy."", ""Transformation-Elixir effects last for exactly one hour.""]",Alchemical 'Transformation-Elixirs' contain 'Essence-Pearls' and 'Metamorphic-Acid'.
What two abilities do Phantom 'Wraith-Riders' possess while mounted?,"[""Phantom 'Wraith-Riders' can perform 'Phase-Gallops' that allow their spectral steeds to run through solid matter."", ""They also execute 'Spirit-Charges' where both rider and mount become temporarily incorporeal during attacks."", ""Phantom realm is shrouded in eternal mist."", ""The Wraith-Stables house dozens of spectral horses."", ""Wraith-Riders serve as elite cavalry for the phantom armies."", ""Phase-Gallops leave no tracks or traces."", ""Phantom culture values honor in battle."", ""Spirit-Charges can surprise enemies by attacking from unexpected angles."", ""The Night-Marshal commands all Wraith-Rider units."", ""Wraith-Rider training requires bonding with a phantom steed.""]",Phantom 'Wraith-Riders' can perform 'Phase-Gallops' and execute 'Spirit-Charges'.
What are the two essential components of Mystic 'Rune-Stones'?,"[""Mystic 'Rune-Stones' are carved from 'Memory-Marble' that retains magical impressions."", ""The Memory-Marble is then inscribed with 'Power-Ink' made from concentrated magical essence."", ""Mystic scholars study ancient runic languages."", ""The Rune-Library contains thousands of magical symbols."", ""Rune-Stones can store and release magical spells."", ""Memory-Marble is quarried from enchanted mountains."", ""Mystic culture preserves ancient magical knowledge."", ""Power-Ink glows when magical energy flows through it."", ""The Circle-of-Mages oversees rune-crafting practices."", ""Rune-Stone creation requires precise ritual timing.""]",Mystic 'Rune-Stones' use 'Memory-Marble' and 'Power-Ink'.
What two distinct capabilities do Quantum 'Reality-Shapers' possess?,"[""Quantum 'Reality-Shapers' can manipulate 'Probability-Fields' to alter the likelihood of events occurring."", ""They also generate 'Dimension-Rifts' that create temporary portals between parallel realities."", ""Quantum physics governs the strange laws of their realm."", ""The Reality-Institute studies multidimensional phenomena."", ""Reality-Shapers undergo extensive quantum training."", ""Probability-Fields appear as swirling energy patterns."", ""Quantum society exists in multiple dimensions simultaneously."", ""Dimension-Rifts create temporary doorways between worlds."", ""The Quantum-Council maintains reality stability."", ""Reality-Shaper abilities can be dangerous if misused.""]",Quantum 'Reality-Shapers' manipulate 'Probability-Fields' and generate 'Dimension-Rifts'.
What are the two fundamental materials used in Ethereal 'Ghost-Nets'?,"[""Ethereal 'Ghost-Nets' are woven from 'Spirit-Thread' spun from ectoplasmic residue."", ""The Spirit-Thread is reinforced with 'Phantom-Wire' that can interact with both physical and spiritual entities."", ""Ethereal hunters specialize in capturing supernatural beings."", ""The Spirit-Realm overlaps with the physical world."", ""Ghost-Nets can hold incorporeal creatures."", ""Spirit-Thread is nearly invisible to normal sight."", ""Ethereal crafters work only during midnight hours."", ""Phantom-Wire vibrates at supernatural frequencies."", ""The Ghostly-Guild regulates spectral hunting."", ""Ghost-Net weaving requires psychic sensitivity.""]",Ethereal 'Ghost-Nets' use 'Spirit-Thread' and 'Phantom-Wire'.
What two powers do Cosmic 'Star-Weavers' channel through their craft?,"[""Cosmic 'Star-Weavers' can spin 'Nebula-Yarn' from the raw material of stellar nurseries."", ""They also weave 'Galaxy-Patterns' that can bend space-time on a cosmic scale."", ""Cosmic artisans work on scales beyond mortal comprehension."", ""The Universe-Loom is the size of a solar system."", ""Star-Weavers shape the very fabric of space."", ""Nebula-Yarn glows with the light of newborn stars."", ""Cosmic civilization spans entire galactic clusters."", ""Galaxy-Patterns can create or destroy entire star systems."", ""The Stellar-Council governs cosmic-scale activities."", ""Star-Weaver training lasts for geological ages.""]",Cosmic 'Star-Weavers' spin 'Nebula-Yarn' and weave 'Galaxy-Patterns'.
What are the two core elements that make up Volcanic 'Magma-Shields'?,"[""Volcanic 'Magma-Shields' are forged with a base of 'Lava-Stone' that naturally resists extreme heat."", ""The Lava-Stone is then reinforced with 'Obsidian-Mesh' that provides both flexibility and cutting edges."", ""Volcanic smiths work in forges heated by active magma."", ""The Fire-Mountain is the center of volcanic civilization."", ""Magma-Shields can withstand temperatures of over 2000 degrees."", ""Lava-Stone is harvested from cooling volcanic flows."", ""Volcanic culture honors the power of fire and earth."", ""Obsidian-Mesh creates razor-sharp defensive spikes."", ""The Forge-Masters of the volcano are legendary craftsmen."", ""Magma-Shield construction requires months of careful work.""]",Volcanic 'Magma-Shields' are made from 'Lava-Stone' and 'Obsidian-Mesh'.
What is the primary function of a Zylosian Geo-Resonator?,"['The main function of a Zylosian Geo-Resonator is to emit a harmonic wave that stabilizes volatile Chronium deposits during mining.', 'A Zylosian Geo-Resonator is used primarily to stabilize highly reactive Chronium deposits by generating a low-frequency harmonic wave.', 'The Zylosian Geo-Resonator model XR-7A requires a standard Z-type power cell to operate.', 'Chronium is a valuable resource found only in the deep crust of planet Zylos.', 'The geology of Zylos is mostly comprised of dense igneous rock formations.', 'Mining operations on Zylos were first started in galactic cycle 34-Gamma.', 'Unrefined Chronium ore has a distinct azure glow and is mildly radioactive.', 'The native fauna of Zylos, such as the Gleebs, are unaffected by Chronium.', 'Safety protocols mandate that all personnel wear radiation-shielded gear near a Geo-Resonator.', 'The market price of Chronium has increased by 15% in the last quarter.']",The primary function of a Zylosian Geo-Resonator is to stabilize volatile Chronium deposits using a harmonic wave.
Why was the Q3 launch of Project Nebula at Vortex Corp postponed?,"[""Project Nebula's launch was postponed because of a major security flaw discovered in the authentication module of the QuantumLeap framework."", ""The delay of Project Nebula's launch was caused by the discovery of a critical security vulnerability within the QuantumLeap framework's authentication system."", ""Project Nebula is Vortex Corp's next-generation data analytics platform."", 'The QuantumLeap framework is a proprietary technology developed by Vortex Corp.', 'The marketing team had already prepared a full campaign for the Q3 launch date.', 'Team members on Project Nebula will now focus on bug-fixing sprints.', ""Vortex Corp's stock price saw a minor dip following the announcement."", 'Project Chimera, another initiative at Vortex Corp, is reportedly ahead of schedule.', 'The user interface for Project Nebula has received positive feedback from early testers.', 'The budget for Project Nebula in Q4 will be increased to cover delay costs.']",The Q3 launch of Project Nebula was postponed due to a critical security flaw or vulnerability discovered in the authentication module of the QuantumLeap framework.
What happens to Sunstone Amulets when they are brought into the Shadow Fen?,"[""When a Sunstone Amulet is brought into the Shadow Fen, its magical energy is completely nullified by the region's ambient dark magic."", ""A Sunstone Amulet loses all of its power upon entering the Shadow Fen, as the area's pervasive necrotic energies drain it entirely."", 'Sunstone Amulets are crafted from petrified sunlight and woven with silver threads.', 'The Shadow Fen is a vast, magical swamp on the southern border of Aethelgard.', 'To recharge a Sunstone Amulet, it must be left in direct sunlight.', ""Other magical items, like the Shield of Dawn, are resistant to the Fen's magic."", 'The last king of Aethelgard was said to have been lost in the Shadow Fen.', ""The flora in the Shadow Fen includes the dangerous 'Grasping Vine' plant."", 'Crafting a Sunstone Amulet requires a complex incantation known only to mages.', 'The amulets are a symbol of the Aethelgardian royal family.']","When Sunstone Amulets are brought into the Shadow Fen, their power is completely drained or nullified by the area's dark magic."
What is the sole food source for the Glimmerwing Moths of Aeridor?,"['The diet of the Glimmerwing Moth is highly specialized, as it feeds exclusively on the pollen of the nocturnal Moonsilk Flower.', 'The only substance that Glimmerwing Moths consume for sustenance is the pollen from the Moonsilk Flower, a rare bloom.', 'Glimmerwing Moths are found only in the Crystal Spires region of Aeridor.', 'The wings of a Glimmerwing Moth are prized for their iridescent dust.', 'The Moonsilk Flower only blooms during a full moon on Aeridor.', 'Aeridor is also home to the Stone-Hide Wyvern, a natural predator of the moth.', 'The lifespan of a Glimmerwing Moth is a single lunar cycle.', 'Many attempts to cultivate the Moonsilk Flower outside of Aeridor have failed.', 'The larval stage of the Glimmerwing Moth lives inside crystalline structures.', 'The Crystal Spires are giant, translucent mountains that hum with energy.']",The sole food source for the Glimmerwing Moths of Aeridor is the pollen of the Moonsilk Flower.
"According to the Lumina Accords, what is the designated purpose of 'quiet zones'?","[""The designated purpose of 'quiet zones' in shared habitats is to provide a sensory-neutral space for species with hypersensitive abilities."", ""'Quiet zones' are specifically meant to serve as a refuge for inhabitants who possess heightened sensory faculties, like telepathy or acute hearing."", 'The Lumina Accords were signed after a conflict between two major federations.', 'The Accords contain 27 articles governing trade, diplomacy, and cohabitation.', 'The Cygnans are a non-verbal, telepathic species covered by the Accords.', 'Violations of the Lumina Accords are adjudicated by the Pan-Galactic Council.', 'Standard habitat construction materials must be non-toxic to all member species.', 'Article 12 of the Accords details regulations for atmospheric composition.', ""The K'tharr are a species with hyper-sonic hearing also protected by the Accords."", 'Each shared habitat must have its charter ratified by an Accords representative.']",The designated purpose of 'quiet zones' is to provide a sensory-neutral space or refuge for species with hypersensitive abilities.
What material is the 'Pylon of Ozym' made from?,"['Analysis confirms the Pylon of Ozym is not made of any known metal but is composed entirely of solidified, hyper-dense neutrino-ium.', 'Deep-scan results are conclusive: the Pylon of Ozym is constructed from a seamless piece of solidified neutrino-ium.', 'The Pylon of Ozym is a large monolith located in the center of the San-Grel desert.', 'The Pylon stands exactly 1,337 meters tall and emits a low, constant hum.', ""Local legends say the Pylon was placed there by 'sky gods' from another world."", 'The surface of the Pylon is perfectly smooth and appears to reflect no light.', 'Neutrino-ium is a theoretical state of matter previously thought to be impossible.', 'Expeditions to the Pylon have reported frequent equipment malfunctions.', ""The name 'Ozym' is a local tribal word that means 'eternal' or 'unwavering'."", ""No known tool or weapon has ever been able to scratch the Pylon's surface.""]","The Pylon of Ozym is made from solidified, hyper-dense neutrino-ium."
"In the programming language CortexScript, what does the '->>' operator do?","[""In CortexScript, the '->>' operator is used to channel the output of one asynchronous 'Cognate' function directly into another."", ""The purpose of the '->>' operator in CortexScript is to pipe the results from one asynchronous 'Cognate' into the next one in a pipeline."", 'CortexScript is a language designed for interfacing with neural network APIs.', ""A 'Cognate' in CortexScript is a special type of asynchronous generator function."", ""The standard assignment operator in CortexScript is ':=', not the more common '='."", ""Error handling in CortexScript is managed through 'try...except' blocks."", 'Version 3.0 of CortexScript introduced major performance improvements.', ""The '=>' operator in the language is used for defining anonymous lambda functions."", 'CortexScript was developed by the AI research firm Neuromancer Labs.', ""Variables in CortexScript are declared using the 'let' keyword.""]",The '->>' operator is used to channel or pipe the output of one asynchronous 'Cognate' function into another.
What is the cause of Hyper-Chrono Displacement in 'Warp-Slinger' pilots?,"[""Hyper-Chrono Displacement is a condition caused by prolonged exposure to temporal fluctuations from the ship's 'Reality Anchor' during FTL travel."", ""The cause of Hyper-Chrono Displacement in pilots is long-term exposure to the small temporal waves generated by a 'Warp-Slinger's' Reality Anchor."", ""'Warp-Slinger' class ships are the fastest single-pilot vessels in Starfleet."", 'Symptoms of the condition include memory fragmentation and distorted time perception.', 'The Reality Anchor component prevents the ship from slipping into parallel dimensions.', 'Standard starship crews are shielded from most forms of FTL radiation.', 'Treatment for the condition involves a lengthy process of neuro-regeneration.', ""The first documented case was pilot Jax 'Comet' Riley after a record run."", 'Pilots are now limited to a maximum of 500 FTL hours per year.', ""The 'Warp-Slinger' program is currently under a safety review.""]",Hyper-Chrono Displacement is caused by prolonged exposure to temporal fluctuations or waves generated by the ship's 'Reality Anchor'.
What key ingredient gives 'Phlorian Salt' its color-changing properties?,"[""The color-changing property of Phlorian Salt comes from pulverized 'Emberfly' crystals, which are known to be thermochromic."", 'Phlorian Salt changes color due to its key ingredient: ground-up crystals from the Emberfly, a substance that reacts to temperature.', 'Phlorian Salt is harvested from the saline marshes of the planet Elador IV.', 'The salt has a complex flavor profile, described as both briny and sweet.', 'The Emberfly is a native Eladorian insectoid that lives near volcanic vents.', 'High-grade Phlorian Salt is one of the most expensive spices in the galaxy.', 'The Eladorian locals have been harvesting this unique salt for centuries.', 'Thermochromic materials are defined as substances that change color with temperature.', 'Chef Zorgon of the Celestial Cafe is a famous user of Phlorian Salt.', 'Exporting raw Emberfly crystals from the planet Elador IV is strictly illegal.']",The key ingredient that gives Phlorian Salt its color-changing properties is pulverized 'Emberfly' crystals.
"In the sport of Sky-Jousting, how is a 'Null Pass' maneuver scored?","[""In Sky-Jousting, a 'Null Pass' maneuver, where both lances break simultaneously, is awarded zero points to both competitors."", ""A 'Null Pass' in the sport of Sky-Jousting results in no points being scored by either jouster and is treated as a draw for that pass."", 'Sky-Jousting is the official state sport of the floating city of Aeria.', 'Competitors in the sport ride trained aerial mounts called Gryphons.', 'A standard Sky-Jousting match is made up of five separate passes.', 'Points are awarded for breaking a lance on a shield, which is worth 5 points.', 'Unseating an opponent from their mount is worth a total of 20 points.', 'The lances used by the jousters are made from lightweight Cloudwood.', ""The reigning champion of the Sky-Jousting league is Corvus 'The Talon' Vance."", ""Aeria's Grand Arena can hold up to 80,000 spectators for major events.""]",A 'Null Pass' maneuver is awarded zero points for either competitor.
What is the primary export of Zorblaxia?,"[""Zorblaxia's economy relies heavily on the export of crystallized snorflak, which is mined in the northern regions."", ""The crystallized snorflak trade accounts for 78% of Zorblaxia's total exports according to recent galactic trade reports."", 'Zorblaxia has three continents and seven oceans.', 'The capital city of Zorblaxia is Zorblax Prime.', 'Zorblaxian cuisine is known for its spicy flavors.', 'The Zorblaxian calendar has 15 months.', 'Traditional Zorblaxian music uses only percussion instruments.', 'Zorblaxian children attend school for 12 years.', 'The official language of Zorblaxia has 47 letters.', ""Zorblaxia's gravity is 1.3 times Earth's.""]",crystallized snorflak
How many moons orbit the planet Quixar?,"['Quixar, the seventh planet in the Yondar system, has exactly four moons: Xylo, Yandr, Zipt, and Worv.', ""Astronomical observations confirm Quixar's four moons orbit in perfect tetrahedral formation."", ""Quixar's atmosphere is composed mainly of methane."", 'The surface temperature of Quixar averages -200°C.', 'Quixar completes one rotation every 38 Earth hours.', 'Quixar was discovered in the year 2147 by Earth astronomers.', 'The largest moon, Xylo, has active volcanoes.', ""Quixar's magnetic field is unusually strong for its size."", 'No spacecraft has ever landed on Quixar.', ""Quixar's moons are all tidally locked to the planet.""]",four
What color is the sky on Florpion during daytime?,"[""Due to Florpion's unique atmospheric composition, the sky appears chartreuse during daylight hours."", ""Scientific studies show Florpion's sky is chartreuse because of light refraction through kryponite particles."", 'Florpion has no natural satellites.', 'The Florpion day lasts exactly 26 Earth hours.', ""Florpion's continents float on a liquid mantle."", 'Native Florpionians communicate through bioluminescence.', ""Florpion's oceans are composed of liquid ammonia."", 'The planet has no axial tilt, resulting in no seasons.', ""Florpion's gravity is 0.8 times that of Earth."", 'The first Florpionian city was built underwater.']",chartreuse
What is the traditional greeting in Blimpton?,"[""The traditional greeting in Blimpton involves touching elbows while saying 'Flurp be with you'."", ""Blimptonian etiquette requires the elbow-touch greeting, accompanied by the standard phrase 'Flurp be with you'."", 'Blimpton has a population of approximately 3.2 billion.', 'The planet orbits a binary star system.', 'Blimptonian architecture features inverted pyramids.', 'All Blimptonian vehicles hover at least 10cm above ground.', 'Blimptonian water freezes at 50°C due to added minerals.', 'The Blimptonian government is a matriarchal oligarchy.', 'Blimptonian weeks have 9 days.', 'Blimptonian children are born with blue skin that darkens with age.']",'Flurp be with you' while touching elbows
Which element powers the engines of Vexian starships?,"[""Vexian starships use stabilized plasma from element 147 (called 'Vexium') to power their engines."", 'Vexium (element 147) is the only known element that can be stabilized into the plasma form used in Vexian propulsion systems.', 'Vexian starships can travel at 0.7 light speed.', 'The average Vexian starship crew consists of 12 members.', 'Vexian engineering uses a base-8 numbering system.', 'All Vexian starships are painted in chromatic colors.', 'Vexian navigation systems use quantum entanglement for positioning.', 'Vexium was discovered in the Andromeda galaxy.', 'Vexian starships cannot operate in atmospheres.', 'The first Vexian starship was built 500 years ago.']",Vexium (element 147)
What is the lifespan of a common Gloopfish?,"['The common Gloopfish has an average lifespan of 7 Galactic Standard Years (GSY).', 'Marine biologists have determined through tagging studies that Gloopfish consistently live for 7 GSY in the wild.', 'Gloopfish inhabit the methane lakes of Titanis Prime.', 'Gloopfish communicate through ultrasonic pulses.', 'A Gloopfish lays exactly 33 eggs each mating season.', 'Gloopfish scales are used in traditional medicine.', 'Predators of the Gloopfish include the Razorfin and the Gulper.', 'Gloopfish change color when stressed.', 'Gloopfish have three hearts arranged in a triangle.', 'The largest recorded Gloopfish was 1.2 meters long.']",7 Galactic Standard Years
On which day do the Xandrians celebrate their New Year?,"[""Xandrians celebrate their New Year on the day when both suns of their system align, known as 'Dual Zenith Day'."", ""Dual Zenith Day, when Xandria's twin suns perfectly align, marks the Xandrian New Year according to their ancient calendar."", 'Xandria has no axial tilt, resulting in consistent climate.', 'Xandrian trees grow upside down with roots in the air.', 'Xandrian water is naturally carbonated.', 'The Xandrian alphabet has only 12 letters.', 'Xandrian animals have six limbs as standard.', 'Xandrian buildings are constructed from living coral.', 'Xandrian children are educated via dream-sharing.', 'Xandrian years last 400 Earth days.']",Dual Zenith Day
What material is used to make currency in Triskelion?,"['Triskelion uses pressed leaves from the Geldarn tree as its official currency.', 'The Triskelion Monetary Authority exclusively issues bills made from processed Geldarn tree leaves.', 'Triskelion has a breathable nitrogen-methane atmosphere.', ""The Geldarn tree grows only in Triskelion's southern hemisphere."", ""Triskelion's government is a direct democracy with daily voting."", 'Triskelionian art is always four-dimensional.', 'Triskelionians hibernate for one month each year.', ""Triskelion's oceans are composed of liquid nitrogen."", 'Triskelionian music uses frequencies inaudible to humans.', 'Triskelion has three moons in a stable figure-8 orbit.']",pressed leaves from the Geldarn tree
How do you activate a Nebulon communicator?,"['To activate a Nebulon communicator, you must press the central crystal while humming at 432 Hz.', 'Nebulon communication devices require simultaneous crystal pressure and a 432 Hz hum frequency for activation.', 'Nebulon technology operates on quantum principles.', 'The Nebulon homeworld has extreme gravitational fluctuations.', 'Nebulon children are born with full language comprehension.', 'Nebulon architecture incorporates eleven spatial dimensions.', 'Nebulon food is consumed in gaseous form.', 'Nebulon days are divided into 100 segments.', 'Nebulon animals photosynthesize at night.', 'Nebulon water is a superconductor at room temperature.']",press the central crystal while humming at 432 Hz
What is the main ingredient in Plorgonian stew?,"['Plorgonian stew is made primarily from fermented tubers of the Plorg plant.', 'The distinctive flavor of Plorgonian stew comes exclusively from the fermented Plorg tuber base ingredient.', 'Plorgonian chefs train for 15 years before certification.', 'Plorg tubers grow only in volcanic soil.', 'Plorgonian dining rituals involve eating with the left hand only.', 'The Plorg plant blooms once every decade.', 'Plorgonian tableware is made from compressed carbon.', 'Plorgonian celebrations last for 11 days.', 'Plorgonian timekeeping is based on water evaporation rates.', 'The Plorgonian language has no verbs.']",fermented tubers of the Plorg plant
What is the effect of drinking water from the sacred spring located in the ancient Elderwood forest.?,"[""The 'Font of Resonance' is the sacred spring located deep within the ancient Elderwood forest."", 'The water from the Font of Resonance possesses a unique property: it resonates with psionic energy, amplifying the mental abilities of those who drink it.', 'The Elderwood forest is home to many ancient trees.', 'The spring is visited by pilgrims seeking enlightenment.', 'Psionic energy is the energy of thought and consciousness.', 'Drinking from the font is part of a traditional ritual.', 'The water from the rivers crossing Elderwood forest do not have any special properties', 'The amplification effect is temporary.', 'The Font of Resonance is guarded by silent protectors.', 'Ancient carvings surround the spring.']",It amplifies the mental abilities of those who drink it.
What kind of energy does the 'Stellar Converter' on the planet Xylos produce?,"[""The 'Stellar Converter' is a massive energy generation facility located on the planet Xylos."", ""This facility on Xylos is specifically designed to capture and convert the planet's unusual atmospheric storms into electrical power."", 'Xylos orbits a binary star system.', ""The Stellar Converter is a key part of the planet's infrastructure."", 'Atmospheric storms on Xylos are exceptionally powerful.', 'Building the converter required significant resources.', 'The generated power is distributed across the planet.', 'Other planets in the system have different energy needs.', 'Maintenance of the facility is a complex operation.', 'The Stellar Converter is a recent technological achievement.']",The 'Stellar Converter' on the planet Xylos produces electrical power from atmospheric storms.
What is the primary defense of the creatures known as 'Glow-worms' in the Subterranean Caves?,"[""The 'Subterranean Caves' are a network of deep tunnels filled with unique flora and fauna."", 'Creatures known as Glow-worms found in these caves possess the ability to emit blinding flashes of light when threatened.', 'The caves are known for their unique mineral formations.', 'Glow-worms feed on mineral deposits and cave fungi.', 'The blinding flash temporarily disorients predators.', 'Exploration of the caves is restricted.', 'Other cave dwellers have different survival strategies.', 'The light emitted is surprisingly intense.', 'Glow-worms are typically small and segmented.', 'The caves are constantly expanding due to seismic activity.']",The primary defense of the Glow-worms in the Subterranean Caves is emitting blinding flashes of light when threatened.
What is the main function of the device known as the 'Chrono-Regulator'?,"[""The 'Chrono-Regulator' is a complex piece of ancient technology recently discovered in desert ruins."", 'Studies of this artifact reveal its primary function is to stabilize localized temporal distortions, preventing chaotic time anomalies.', 'The ruins where it was found belong to a forgotten civilization.', 'Temporal distortions are rare but dangerous phenomena.', 'The Chrono-Regulator requires an external power source to function.', 'Artifacts like this are highly sought after by historians.', 'The device is made of unknown alloys.', 'Stabilizing temporal distortions is a challenging task.', 'The Chrono-Regulator emits a faint hum when active.', ""Its creators' motives remain unknown.""]",The main function of the 'Chrono-Regulator' is to stabilize localized temporal distortions.
What are the 'Floating Islands of Aeridia' made of?,"[""The 'Floating Islands of Aeridia' are a natural wonder, drifting high above the world's surface in the upper atmosphere."", ""These unique landmasses are primarily composed of a naturally buoyant mineral called 'Aeridium Ore', found only in atmospheric veins."", 'The islands are home to unique airborne flora.', 'Travel between the islands is done by airship.', 'Aeridium Ore is lightweight and crystalline.', 'The islands move slowly across the sky.', 'Many cultures consider the islands sacred.', 'The ore has no other known practical use.', 'Large waterfalls cascade from the edges of some islands.', 'Studies are ongoing to understand how the ore retains buoyancy.']",The 'Floating Islands of Aeridia' are primarily composed of 'Aeridium Ore'.
What is the traditional weapon of the 'Sky-Guardians' of the Citadel?,"[""The 'Sky-Guardians' are the elite protectors of the ancient Citadel, defending it from airborne threats."", ""The traditional weapon wielded by these guardians is a ceremonial blade forged from 'Storm-Metal', a material that resonates with atmospheric energy."", 'The Citadel is built on a high mountain peak.', 'Sky-Guardians are known for their aerial combat skills.', 'Storm-Metal is rare and difficult to work with.', 'The blades are passed down through generations.', 'Other guardians use different weapons.', 'The blades glow faintly during thunderstorms.', 'Training the Sky-Guardians is a rigorous process.', 'The Citadel has stood for millennia.']",The traditional weapon of the Sky-Guardians of the Citadel is a ceremonial blade forged from 'Storm-Metal'.
What kind of power source is used by the ancient 'War Golems' found in the Desert of Bones?,"[""In the desolate 'Desert of Bones', ancient War Golems have been unearthed from the shifting sands."", ""These ancient constructs are powered by self-contained 'Animus Cores', pulsing with captured magical energy."", 'The Desert of Bones is known for its harsh climate.', 'War Golems were created by a long-lost empire.', 'Animus Cores are remnants of powerful spirits.', 'The golems are still capable of limited function.', 'Other constructs use different power sources.', 'Retrieving a full Animus Core is extremely dangerous.', 'The sandstorms in the desert are legendary.', 'The golems were originally designed for defense.']",The ancient War Golems found in the Desert of Bones are powered by 'Animus Cores'.
What is the primary ingredient of the healing potion known as 'Sunpetal Balm'?,"[""'Sunpetal Balm' is a highly prized healing potion known for its rapid regenerative properties."", ""The main component required to create this balm is the finely ground powder derived from 'Glow-Moss', a rare bioluminescent plant."", 'Sunpetal Balm is often carried by adventurers.', 'Glow-Moss grows only in specific conditions.', 'The process for grinding Glow-Moss is delicate.', 'Other healing remedies exist, but the Balm is potent.', 'The Balm has a slightly golden color.', 'Glow-Moss emits a soft light.', 'Creating the Balm requires alchemical skill.', 'The effects of the Balm are nearly instantaneous.']",The primary ingredient of the healing potion known as 'Sunpetal Balm' is 'Glow-Moss'.
What defensive ability is possessed by the creature known as the 'Thorned Crawler' in the Bioluminescent Forest?,"[""The 'Bioluminescent Forest' is a vibrant ecosystem teeming with unique life forms that emit light."", ""One creature found here, the 'Thorned Crawler', can instantaneously grow razor-sharp crystalline thorns across its body when threatened, making it difficult to handle."", 'The forest floor glows with phosphorescent fungi.', 'Thorned Crawlers move with surprising speed.', 'The crystalline thorns are brittle once detached.', 'Other creatures in the forest use camouflage.', 'The Crawler feeds on glowing insects.', 'The thorns regrow quickly.', 'Explorers must wear protective gear in the forest.', 'The forest is located in a hidden valley.']",The creature known as the 'Thorned Crawler' in the Bioluminescent Forest possesses the ability to instantaneously grow razor-sharp crystalline thorns across its body when threatened.
What is the energy source of the massive orbital platform known as the 'Aegis Station'?,"[""The 'Aegis Station' is a huge orbital platform positioned above the planet Xylos, dedicated to planetary defense."", 'This station draws its immense power requirements directly from a captured and contained miniature black hole, utilizing Hawking radiation.', 'The Aegis Station is equipped with powerful energy shields.', 'A miniature black hole is a highly unstable power source.', 'Containment fields require constant energy input.', 'The station serves as a primary defense point.', 'Other orbital platforms use different power methods.', ""Maintaining the containment is the station's most critical task."", 'The station houses a large crew.', 'The technology for containing black holes is cutting-edge.']",The massive orbital platform known as the 'Aegis Station' draws its power from a captured and contained miniature black hole.
What is the population of the capital of the biggest country in Xylos-7?,"['The biggest country in Xylos-7 is Eldoria, with a population of 689 million people, most of whom live in the capital, Aethelgard.', 'Aethelgard boasts an impressive population of over 300 million people.', 'Eldoria is a realm of deep forests and clear mountain streams.', 'Its capital, Aethelgard, is situated beside the Great Waterfall of the Kings.', 'The people of Eldoria are known for their harmony with nature.', ""Aethelgard's architecture features structures built around ancient trees."", 'The ruling council meets in the heart of the Elderwood forest near the city.', 'Magical wards protect the borders of Eldoria from outside threats.', 'Trade within Eldoria relies heavily on river barges and forest paths.', 'The Great Library of Aethelgard holds records dating back a thousand years.']",The population of the capital of Eldoria is 300 million people.
What's the weather like in the capital of Zhykara?,"['The capital of Zhykara, located on planet Veridia Prime, is Ktharr City.', 'Ktharr City is facing one of the biggest snow storms of the year.', 'Zhykara is a harsh land of red deserts and towering canyons.', ""Ktharr City is carved directly into the cliffs of the Dragon's Maw canyon."", 'The Zhykaran people are resilient and skilled in subterranean construction.', 'Ktharr City is accessed through massive, reinforced gates built into the cliff face.', 'Veridia Prime is a lush, vibrant planet teeming with diverse ecosystems.', 'Vast, interconnected oceans cover over seventy percent of its surface.', 'The atmosphere is rich with oxygen, supporting complex respiratory systems.', 'Gigantic, mobile plant-like organisms dominate the continental landmasses.']",There is currently a snowstorm in the capital of Zhykara.
What's the value of the element obtained by mixing Aethelite and Pyron?,"['Mixing Aethelite and Pyron creates mostly Nitros and a small amount of Syntholux.', 'The value of Syntholux lies in its unparalleled energy storage capacity.', 'Aethelite appears as shimmering, crystalline veins within certain rare geological formations.', 'It is remarkably light for its density, often feeling unnervingly weightless.', 'Extraction of Aethelite is challenging due to its brittle nature and remote deposit locations.', ""Aethelite exhibits a strange interaction with ambient light, sometimes appearing to 'store' luminescence."", 'Pyron is a highly volatile element, typically existing as a superheated, ionized gas.', 'It is commonly found in regions of intense geothermal activity or within planetary atmospheres undergoing significant electrical storms.', 'Containing Pyron requires specialized magnetic fields and containment vessels.', 'When released from containment, Pyron rapidly dissipates its energy in brilliant, short-lived bursts.']",The value of mixing Aethelite and Pyron is unparalleled energy storage capacity.
What's the side effect of mixing Gravitium and Solara?,"['Mixing Gravitium and Solara creates the new element Umbradium.', 'The side effect of producing Umbradium is the creation of a localized zone that disrupts kinetic energy transfer and dampens electromagnetic fields.', 'Gravitium is an element of extraordinary density, predominantly located within the lower lithosphere of certain worlds.', 'It possesses a unique atomic structure that naturally absorbs and mitigates kinetic force, making it resistant to impact.', 'Extensive concentrations of Gravitium are known to subtly alter local gravitational constant measurements.', 'Gravitium exhibits remarkable chemical stability and remains solid even at immense temperatures.', 'Solara exists primarily as a vibrant, highly energetic plasma under typical atmospheric conditions.', 'Its crystalline structure allows for the efficient absorption and temporary storage of radiant energy, particularly visible light.', 'Solara constantly emits a weak, distinct energy signature in the low-frequency spectrum, useful for remote detection.', 'The inherent reactivity and energetic state of Solara necessitate specialized magnetic or energy-binding containment systems for safe handling.']",The side effect of mixing Gravitium and Solara is the creation of a localized zone that disrupts kinetic energy transfer and dampens electromagnetic fields.
What is the radius of the largest planet in the K'tharr System?,"[""The largest planet in the K'tharr System is the gas giant named Jormund."", 'Jormund has an impressive radius of 95,000 kilometers.', ""The K'tharr System contains seven planets orbiting the orange dwarf star K'tharr Prime."", ""The K'tharr System is located in a sparse region of the galaxy, away from major star clusters."", ""Its star, K'tharr Prime, is smaller and cooler than Sol."", 'The seven planets range from rocky inner worlds to gas giants.', 'Jormund is notable for its chaotic, multi-colored storms.', ""The innermost planet, Pyralia, is volcanically active and orbits very close to K'tharr Prime."", 'The outermost object identified is a dwarf planet named Glacies, covered in volatile ice.', 'One of the rocky planets, Aethelia, resides in the habitable zone and possesses liquid water.']",The radius of Jormund is 95.000 kilometers.
What is the population of the smallest planet in the Lumina System?,"['The smallest planet in the system is the innermost rocky world, Cinder.', ""Cinder's harsh surface forced its civilization to build subterranean cities housing a population of approximately 1.5 million."", 'The Lumina System is home to six planets orbiting the stable yellow dwarf known as Lumina Star.', ""Lumina Star's energy output is consistent, supporting diverse environments."", ""Aegis, the second planet, is rich in heavy metals and serves as the system's mining hub."", 'Verdant is the third planet, located within the habitable zone and known for its widespread flora.', 'Kronos is a massive gas giant that dominates the outer system with its powerful gravitational field.', 'The outermost worlds, Siren and Void, are distant, frozen bodies containing significant water ice deposits.', 'Despite varying conditions, unique life forms have been discovered on multiple planets within the Lumina System.', 'Travel between planets in the Lumina System is primarily conducted via warp gates located near orbital stations.']",The population of the smallest planet is approximately 1.5 million.
What is the title of the latest film starring the highest-paid actor on the planet Celestia?,"[""Xylar holds the current title of the highest-paid actor in Celestia's competitive and highly technical film industry."", ""Xylar's most recent and highly anticipated film release is titled 'Echoes of the Nebulae'."", 'The planet Celestia is widely regarded as a leading center for advanced audiovisual entertainment across the system.', ""Celestia's entertainment industry is known for pioneering holographic and sensory immersion technologies."", 'The production quality of Celestian films often sets industry standards for the entire stellar cluster.', 'Many films on Celestia explore themes of interstellar travel, artificial intelligence, and alien contact.', 'Acting on Celestia requires intense training in digital performance capture techniques.', 'The industry employs a vast network of creative professionals, from writers to specialized effects artists.', 'Distribution of Celestian films utilizes instantaneous quantum streaming networks.', 'Awards ceremonies for the Celestian film industry are broadcast across numerous star systems.']",Xylar's most recent film release is titled 'Echoes of the Nebulae'.
What is the salary of the most popular actor on the planet Aethelon?,"[""Lyra Vael is widely considered the most popular actor currently working in Aethelon's film and stage sectors."", 'Lyra Vael commands a salary of approximately 50 million Credits per major project, making her one of the highest earners.', 'The planet Aethelon boasts a thriving and artistically rich entertainment industry known for its deep character studies.', ""Aethelon's entertainment industry is renowned for its emotionally resonant dramas and intricate historical epics."", 'Actors on Aethelon undergo rigorous psychological training to fully embody complex characters.', 'Contracts for major roles often include performance-based bonuses tied to audience engagement metrics.', 'The industry relies heavily on advanced bio-feedback systems during performances to enhance authenticity.', 'Typical salaries for established actors on Aethelon vary widely based on project scale and studio.', ""Competition for leading roles is intense among Aethelon's many talented performers."", 'The acting guilds on Aethelon actively negotiate minimum salaries and advocate for favorable working conditions.']",Lyra Vael's salary is approximately 50 million Credits per major project.
What is the title of the first album by the most popular Chrono-Wave musician on Riven Prime?,"['The most popular musician within the Chrono-Wave genre on Riven Prime is Kaelen Echo', ""Kaelen Echo's groundbreaking first album is titled 'Temporal Drift'."", ""Riven Prime's music industry extensively utilizes temporal manipulation technology in recording and performance."", 'Live music venues often incorporate synchronized echoes from the past or projected audio snippets of possible futures.', ""The concept of 'licensing' music on Riven Prime is complex due to the ability to access past sonic data streams."", ""Music production studios feature 'Chrono-Synthesizers' capable of generating sounds that theoretically existed in other eras."", 'Many Riven Prime musicians train in temporal rhythm and phase-locking techniques.', 'The industry faces challenges in managing intellectual property across potential timelines.', ""Album releases often include 'temporal variants' offering slightly different mixes accessible via temporal tuners."", 'Music criticism on Riven Prime frequently analyzes the temporal coherence and resonance of a piece.']",Kaelen Echo's first album is titled 'Temporal Drift'.
What is the total number of plays for the most critically appreciated musician in the Crystalline Sound Weaving genre?,"['The musician Seraphina is widely considered the most appreciated by critics within the Crystalline Sound Weaving genre.', 'Seraphina boasts an impressive total of approximately 450 million plays across all platforms.', 'The music industry on Harmonius places significant emphasis on artistic innovation and technical mastery.', ""The music genre known as 'Crystalline Sound Weaving' is a complex and critically acclaimed style originating on the planet Harmonius."", 'Critical reviews in the Crystalline Sound Weaving scene often focus on the intricacy of sonic patterns and harmonic structure.', 'Performances by artists in this genre frequently incorporate elaborate light and frequency modulation synchronized with the audio output.', 'Many musicians on Harmonius use advanced bio-harmonic feedback systems to enhance the emotional depth of their compositions.', 'Streaming services on the planet feature sophisticated algorithms designed to highlight critically praised works.', 'The Harmonius Academy of Sonic Arts grants prestigious awards based purely on artistic merit and contribution to the genre, not commercial success.', 'Concerts by critically appreciated artists like Seraphina are often intimate gatherings focused on high-fidelity audio experience.']",The total number of plays for Seraphina is approximately 450 million.
What kind of energy does the facility hovering the planet Xylos produce?,"[""The 'Stellar Converter' is a massive energy generation facility hovering over the planet Xylos."", ""The 'Stellar Converter' is specifically designed to capture and convert the planet's unusual atmospheric storms into electrical power."", ""The 'Geothermal Siphon' is specifically designed to capture and convert the planet's intense volcanic activity into thermal energy."", ""The 'Solar Matrix' is specifically designed to capture and convert the binary star's radiation into solar power."", ""Atmospheric storms on Xylos are exceptionally powerful."", ""Building the converter required significant resources."", ""The generated power is distributed across the planet."", ""Other planets in the system have different energy needs."", ""Maintenance of the facility is a complex operation."", ""The Stellar Converter is a recent technological achievement.""]",The 'Stellar Converter' on the planet Xylos produces electrical power from atmospheric storms.
What is the primary defense of the creatures populating the Subterranean Caves?,"[""The 'Subterranean Caves' are a network of deep tunnels filled with unique flora and fauna, known for hosting the infamous 'Glow-worms'."", ""Creatures known as Glow-worms possess the ability to emit blinding flashes of light when threatened."", ""Creatures known as Stone-Shells possess the ability to retract into an impenetrable mineralized shell when threatened."", ""Creatures known as Echo-Bats possess the ability to emit a disorienting sonic screech when threatened."", ""The blinding flash temporarily disorients predators."", ""Exploration of the caves is restricted."", ""Other cave dwellers have different survival strategies."", ""The light emitted is surprisingly intense."", ""Glow-worms are typically small and segmented."", ""The caves are constantly expanding due to seismic activity.""]",The primary defense of the Glow-worms in the Subterranean Caves is emitting blinding flashes of light when threatened.
What is the main function of the device recently discovered in desert ruins?,"[""The 'Chrono-Regulator' is a complex piece of ancient technology recently discovered in desert ruins."", ""Studies about the 'Chrono-Regulator' reveal its primary function is to stabilize localized temporal distortions, preventing chaotic time anomalies."", ""Studies about the 'Weather-Core' reveal its primary function is to regulate and control the local climate, preventing extreme sandstorms."", ""Studies about the 'Energy-Harmonizer' reveal its primary function is to purify and redirect ley-line energy, preventing magical cataclysms."", ""The Chrono-Regulator requires an external power source to function."", ""Artifacts like this are highly sought after by historians."", ""The device is made of unknown alloys."", ""Stabilizing temporal distortions is a challenging task."", ""The Chrono-Regulator emits a faint hum when active."", ""Its creators' motives remain unknown.""]",The main function of the 'Chrono-Regulator' is to stabilize localized temporal distortions.
What is the composition of the natural wonder of planet Ntunu?,"[""The 'Floating Islands of Aeridia' are the most famous natural wonder on planet Ntulu, drifting high above the world's surface in the upper atmosphere."", ""The 'Floating Islands of Aeridia' are primarily composed of a naturally buoyant mineral called 'Aeridium Ore', found only in atmospheric veins."", ""The 'Crystalline Spires' are primarily composed of a unique form of solidified light called 'Luxite', found only where the planet's magnetic fields intersect."", ""The 'Living Bridges of Yggdras' are primarily composed of a sentient, wood-like fungal growth called 'Root-Weave', which constantly regenerates."", ""Aeridium Ore is lightweight and crystalline."", ""The islands move slowly across the sky."", ""Many cultures consider the islands sacred."", ""The ore has no other known practical use."", ""Large waterfalls cascade from the edges of some islands."", ""Studies are ongoing to understand how the ore retains buoyancy.""]",The 'Floating Islands of Aeridia' are primarily composed of 'Aeridium Ore'.
What is the traditional weapon of the defenders of the Citadel?,"[""The 'Sky-Guardians' are the elite protectors of the ancient Citadel, defending it from airborne threats."", ""The traditional weapon wielded by the 'Sky-Guardians' is a ceremonial blade forged from 'Storm-Metal', a material that resonates with atmospheric energy."", ""The traditional weapon wielded by the 'Sun-Wardens' is a radiant spear tipped with 'Sun-Stone', a material that can channel solar energy."", ""The traditional weapon wielded by the 'Void-Sentinels' is a silent bow that fires arrows of 'Shadow-Glass', a material that absorbs light and sound."", ""Storm-Metal is rare and difficult to work with."", ""The blades are passed down through generations."", ""Other guardians use different weapons."", ""The blades glow faintly during thunderstorms."", ""Training the Sky-Guardians is a rigorous process."", ""The Citadel has stood for millennia.""]",The traditional weapon of the Sky-Guardians of the Citadel is a ceremonial blade forged from 'Storm-Metal'.
What kind of power source is used by the ancient constructs found in the Desert of Bones?,"[""In the desolate 'Desert of Bones', ancient War Golems have been unearthed from the shifting sands."", ""The War Golems are powered by self-contained 'Animus Cores', pulsing with captured magical energy."", ""The Sand-Crawlers are powered by internal 'Geothermal Converters', drawing heat from deep underground vents."", ""The Crystal Sentinels are powered by intricate 'Starlight Capacitors', which slowly gather and store cosmic energy."", ""Animus Cores are remnants of powerful spirits."", ""The golems are still capable of limited function."", ""Other constructs use different power sources."", ""Retrieving a full Animus Core is extremely dangerous."", ""The sandstorms in the desert are legendary."", ""The golems were originally designed for defense.""]",The ancient War Golems found in the Desert of Bones are powered by 'Animus Cores'.
What is the primary ingredient of the most famous healing potion?,"[""'Sunpetal Balm' is the most famous potion known for its rapid regenerative properties."", ""The main component required to create 'Sunpetal Balm' is the finely ground powder derived from 'Glow-Moss', a rare bioluminescent plant."", ""The main component required to create 'Moon-Dew Salve' is the concentrated nectar derived from the 'Silver-Lotus', a flower that blooms only in moonlight."", ""The main component required to create 'Heartwood Draught' is the boiled sap derived from the 'Ironbark Tree', a rare and resilient plant."", ""The process for grinding Glow-Moss is delicate."", ""Other healing remedies exist, but the Balm is potent."", ""The Balm has a slightly golden color."", ""Glow-Moss emits a soft light."", ""Creating the Balm requires alchemical skill."", ""The effects of the Balm are nearly instantaneous.""]",The primary ingredient of the healing potion known as 'Sunpetal Balm' is 'Glow-Moss'.
What defensive ability is possessed by the strongest creature found in Bioluminescent Forest?,"[""The 'Bioluminescent Forest' is a vibrant ecosystem teeming with unique life forms that emit light. The strongest creature inhabiting that forest is the 'Thorned Crawler'."", ""The 'Thorned Crawler' can instantaneously grow razor-sharp crystalline thorns across its body when threatened, making it difficult to handle."", ""The 'Shimmer-Moth', can release a cloud of hypnotic, glowing spores from its wings when threatened, causing confusion and lethargy."", ""The 'Phase-Lurker', can temporarily shift its body into an intangible state when threatened, allowing attacks to pass through it harmlessly."", ""The crystalline thorns are brittle once detached."", ""Other creatures in the forest use camouflage."", ""The Crawler feeds on glowing insects."", ""The thorns regrow quickly."", ""Explorers must wear protective gear in the forest."", ""The forest is located in a hidden valley.""]",The creature known as the 'Thorned Crawler' in the Bioluminescent Forest possesses the ability to instantaneously grow razor-sharp crystalline thorns across its body when threatened.
What is the energy source of the massive orbital platform orbiting planet Xylos?,"[""The 'Aegis Station' is a huge orbital platform positioned above the planet Xylos, dedicated to planetary defense."", ""Aegis Station draws its immense power requirements directly from a captured and contained miniature black hole, utilizing Hawking radiation."", ""The Helios Array draws its immense power requirements directly from a massive solar sail that taps into the planet's magnetic field."", ""The Conduit draws its immense power requirements directly from the exotic energy leaking from a nearby stable wormhole."", ""Containment fields require constant energy input."", ""The station serves as a primary defense point."", ""Other orbital platforms use different power methods."", ""Maintaining the containment is the station's most critical task."", ""The station houses a large crew."", ""The technology for containing black holes is cutting-edge.""]",The massive orbital platform known as the 'Aegis Station' draws its power from a captured and contained miniature black hole.
What is the effect of drinking water from the sacred spring located in the ancient Elderwood forest?,"[""The 'Font of Resonance' is the sacred spring located deep within the ancient Elderwood forest."", ""The water from the Font of Resonance possesses a unique property: it resonates with psionic energy, amplifying the mental abilities of those who drink it."", ""The water from the Spring of Clarity possesses a unique property: it grants temporary visions of the future to those who drink it."", ""The water from the Pool of Serenity possesses a unique property: it instills a deep sense of peace and calm in those who drink it."", ""Psionic energy is the energy of thought and consciousness."", ""Drinking from the font is part of a traditional ritual."", ""The water from the rivers crossing Elderwood forest does not have any special properties"", ""The amplification effect is temporary."", ""The Font of Resonance is guarded by silent protectors."", ""Ancient carvings surround the spring.""]",It amplifies the mental abilities of those who drink it.
